scenario	participant	archive	takes	minutes	proficiency	gender	university	captures	cameras	tasks
basketball	382	expert382_takes.tar	18	14.7	Late Expert	male	unc	unc_basketball_03-30-23_02	cam01;cam02;cam03;cam04	Basketball Drills - Mid-Range Jump Shooting;Basketball Drills - Mikan Layup;Basketball Drills - Reverse Layup
basketball	383	expert383_takes.tar	18	18.8	Late Expert	male	unc	unc_basketball_03-30-23_02	cam01;cam02;cam03;cam04	Basketball Drills - Mid-Range Jump Shooting;Basketball Drills - Mikan Layup;Basketball Drills - Reverse Layup
basketball	384	expert384_takes.tar	18	14.8	Late Expert	male	unc	unc_basketball_03-31-23_01	cam01;cam02;cam03;cam04	Basketball Drills - Mid-Range Jump Shooting;Basketball Drills - Mikan Layup;Basketball Drills - Reverse Layup
basketball	385	expert385_takes.tar	18	16.4	unlabelled	male	unc	unc_basketball_03-31-23_01	cam01;cam02;cam03;cam04	Basketball Drills - Mid-Range Jump Shooting;Basketball Drills - Mikan Layup;Basketball Drills - Reverse Layup
basketball	386	expert386_takes.tar	18	12.2	Late Expert	male	unc	unc_basketball_03-31-23_01	cam01;cam02;cam03;cam04	Basketball Drills - Mid-Range Jump Shooting;Basketball Drills - Mikan Layup;Basketball Drills - Reverse Layup
basketball	387	expert387_takes.tar	18	14.1	Late Expert	male	unc	unc_basketball_03-31-23_02	cam01;cam02;cam03;cam04	Basketball Drills - Mid-Range Jump Shooting;Basketball Drills - Mikan Layup;Basketball Drills - Reverse Layup
basketball	354	expert354_takes.tar	16	16.7	Late Expert	male	unc	unc_basketball_02-24-23_01;unc_basketball_03-09-23_01;unc_basketball_03-17-23_01	cam01;cam02;cam03;cam04	Basketball Drills - Mid-Range Jump Shooting;Basketball Drills - Mikan Layup;Basketball Drills - Reverse Layup
basketball	388	expert388_takes.tar	16	14.6	Late Expert	male	unc	unc_basketball_03-31-23_02	cam01;cam02;cam03;cam04	Basketball Drills - Mid-Range Jump Shooting;Basketball Drills - Mikan Layup;Basketball Drills - Reverse Layup
basketball	380	expert380_takes.tar	15	13.7	Intermediate Expert	male	unc	unc_basketball_03-30-23_01	cam01;cam02;cam03;cam04	Basketball Drills - Mid-Range Jump Shooting;Basketball Drills - Mikan Layup;Basketball Drills - Reverse Layup
basketball	413	expert413_takes.tar	14	7.4	Late Expert	unrecorded	sfu	sfu_basketball_03	cam01;cam02;cam03;cam04	Basketball Drills - Mid-Range Jump Shooting;Basketball Drills - Mikan Layup;Basketball Drills - Reverse Layup
basketball	379	expert379_takes.tar	13	12.1	Late Expert	male	unc	unc_basketball_03-30-23_01	cam01;cam02;cam03;cam04	Basketball Drills - Mid-Range Jump Shooting;Basketball Drills - Mikan Layup;Basketball Drills - Reverse Layup
basketball	381	expert381_takes.tar	13	10.7	Late Expert	male	unc	unc_basketball_03-30-23_01	cam01;cam02;cam03;cam04	Basketball Drills - Mid-Range Jump Shooting;Basketball Drills - Mikan Layup;Basketball Drills - Reverse Layup
basketball	410	expert410_takes.tar	13	8.5	Late Expert	unrecorded	sfu	sfu_basketball_02	cam01;cam02;cam03;cam04	Basketball Drills - Mid-Range Jump Shooting;Basketball Drills - Mikan Layup;Basketball Drills - Reverse Layup
basketball	423	expert423_takes.tar	13	9.6	Intermediate Expert	unrecorded	sfu	sfu_basketball_07	cam01;cam02;cam03;cam04	Basketball Drills - Mid-Range Jump Shooting;Basketball Drills - Mikan Layup;Basketball Drills - Reverse Layup
basketball	433	expert433_takes.tar	13	7.6	Intermediate Expert	unrecorded	sfu	sfu_basketball_11	cam01;cam02;cam03;cam04	Basketball Drills - Mid-Range Jump Shooting;Basketball Drills - Mikan Layup;Basketball Drills - Reverse Layup
basketball	431	expert431_takes.tar	12	7.7	Intermediate Expert	unrecorded	sfu	sfu_basketball_10	cam01;cam02;cam03;cam04	Basketball Drills - Mid-Range Jump Shooting;Basketball Drills - Mikan Layup;Basketball Drills - Reverse Layup
basketball	432	expert432_takes.tar	12	6.4	Late Expert	unrecorded	sfu	sfu_basketball_11	cam01;cam02;cam03;cam04	Basketball Drills - Mid-Range Jump Shooting;Basketball Drills - Mikan Layup;Basketball Drills - Reverse Layup
basketball	407	expert407_takes.tar	11	5.9	Late Expert	unrecorded	sfu	sfu_basketball_01	cam01;cam02;cam03;cam04	Basketball Drills - Mid-Range Jump Shooting;Basketball Drills - Mikan Layup;Basketball Drills - Reverse Layup
basketball	414	expert414_takes.tar	11	7.2	Late Expert	unrecorded	sfu	sfu_basketball_03	cam01;cam02;cam03;cam04	Basketball Drills - Mid-Range Jump Shooting;Basketball Drills - Mikan Layup;Basketball Drills - Reverse Layup
basketball	417	expert417_takes.tar	11	5.3	Late Expert	unrecorded	sfu	sfu_basketball_04	cam01;cam02;cam03;cam04	Basketball Drills - Mid-Range Jump Shooting;Basketball Drills - Mikan Layup;Basketball Drills - Reverse Layup
basketball	430	expert430_takes.tar	11	6.9	Early Expert	unrecorded	sfu	sfu_basketball_10	cam01;cam02;cam03;cam04	Basketball Drills - Mid-Range Jump Shooting;Basketball Drills - Mikan Layup;Basketball Drills - Reverse Layup
basketball	356	expert356_takes.tar	10	27.6	Intermediate Expert	male	unc	unc_basketball_02-24-23_01;unc_basketball_02-24-23_02;unc_basketball_03-09-23_01	cam01;cam02;cam03;cam04	Basketball Drills - Mid-Range Jump Shooting;Basketball Drills - Mikan Layup;Basketball Drills - Reverse Layup
basketball	427	expert427_takes.tar	10	8.5	Intermediate Expert	unrecorded	sfu	sfu_basketball_08	cam01;cam02;cam03;cam04	Basketball Drills - Mid-Range Jump Shooting;Basketball Drills - Mikan Layup;Basketball Drills - Reverse Layup
basketball	371	expert371_takes.tar	9	6.5	Late Expert	male	unc	unc_basketball_03-16-23_01	cam01;cam02;cam03;cam04	Basketball Drills - Mid-Range Jump Shooting;Basketball Drills - Mikan Layup;Basketball Drills - Reverse Layup
basketball	372	expert372_takes.tar	9	9.1	Intermediate Expert	male	unc	unc_basketball_03-16-23_01	cam01;cam02;cam03;cam04	Basketball Drills - Mid-Range Jump Shooting;Basketball Drills - Mikan Layup;Basketball Drills - Reverse Layup
basketball	376	expert376_takes.tar	9	7.5	Intermediate Expert	male	unc	unc_basketball_03-17-23_01	cam01;cam02;cam03;cam04	Basketball Drills - Mid-Range Jump Shooting;Basketball Drills - Mikan Layup;Basketball Drills - Reverse Layup
basketball	377	expert377_takes.tar	9	9.8	Early Expert	male	unc	unc_basketball_03-17-23_01	cam01;cam02;cam03;cam04	Basketball Drills - Mid-Range Jump Shooting;Basketball Drills - Mikan Layup;Basketball Drills - Reverse Layup
basketball	409	expert409_takes.tar	9	4.7	Late Expert	unrecorded	sfu	sfu_basketball_01	cam01;cam02;cam03;cam04	Basketball Drills - Mid-Range Jump Shooting;Basketball Drills - Mikan Layup;Basketball Drills - Reverse Layup
basketball	415	expert415_takes.tar	9	4.3	Late Expert	unrecorded	sfu	sfu_basketball_03	cam01;cam02;cam03;cam04	Basketball Drills - Mid-Range Jump Shooting;Basketball Drills - Mikan Layup;Basketball Drills - Reverse Layup
basketball	559	expert559_takes.tar	9	8.3	Intermediate Expert	unrecorded	sfu	sfu_basketball013	cam01;cam02;cam03;cam04	Basketball Drills - Mid-Range Jump Shooting;Basketball Drills - Mikan Layup;Basketball Drills - Reverse Layup
basketball	564	expert564_takes.tar	9	8.0	Intermediate Expert	unrecorded	sfu	sfu_basketball013	cam01;cam02;cam03;cam04	Basketball Drills - Mid-Range Jump Shooting;Basketball Drills - Mikan Layup;Basketball Drills - Reverse Layup
basketball	355	expert355_takes.tar	8	10.1	Early Expert	male	unc	unc_basketball_02-24-23_01	cam01;cam02;cam03;cam04	Basketball Drills - Mid-Range Jump Shooting;Basketball Drills - Reverse Layup
basketball	357	expert357_takes.tar	8	8.2	Early Expert	male	unc	unc_basketball_02-24-23_01;unc_basketball_02-24-23_02	cam01;cam02;cam03;cam04	Basketball Drills - Mid-Range Jump Shooting;Basketball Drills - Mikan Layup;Basketball Drills - Reverse Layup
basketball	359	expert359_takes.tar	8	7.9	Early Expert	female	unc	unc_basketball_02-24-23_01;unc_basketball_02-24-23_02	cam01;cam02;cam03;cam04	Basketball Drills - Mid-Range Jump Shooting;Basketball Drills - Mikan Layup;Basketball Drills - Reverse Layup
basketball	364	expert364_takes.tar	8	10.4	Early Expert	female	unc	unc_basketball_03-09-23_02	cam01;cam02;cam03;cam04	Basketball Drills - Mid-Range Jump Shooting;Basketball Drills - Mikan Layup;Basketball Drills - Reverse Layup
basketball	370	expert370_takes.tar	8	7.3	Early Expert	male	unc	unc_basketball_03-16-23_01	cam01;cam02;cam03;cam04	Basketball Drills - Mid-Range Jump Shooting;Basketball Drills - Mikan Layup;Basketball Drills - Reverse Layup
basketball	408	expert408_takes.tar	8	3.4	Late Expert	unrecorded	sfu	sfu_basketball_01	cam01;cam02;cam03;cam04	Basketball Drills - Mid-Range Jump Shooting;Basketball Drills - Mikan Layup;Basketball Drills - Reverse Layup
basketball	426	expert426_takes.tar	8	7.0	Intermediate Expert	unrecorded	sfu	sfu_basketball_09	cam01;cam02;cam03;cam04	Basketball Drills - Mid-Range Jump Shooting;Basketball Drills - Mikan Layup;Basketball Drills - Reverse Layup
basketball	363	expert363_takes.tar	7	9.8	Early Expert	female	unc	unc_basketball_03-09-23_01;unc_basketball_03-09-23_02	cam01;cam02;cam03;cam04	Basketball Drills - Mid-Range Jump Shooting;Basketball Drills - Mikan Layup;Basketball Drills - Reverse Layup
basketball	373	expert373_takes.tar	7	9.8	Early Expert	female	unc	unc_basketball_03-16-23_02	cam01;cam02;cam03;cam04	Basketball Drills - Mid-Range Jump Shooting;Basketball Drills - Mikan Layup;Basketball Drills - Reverse Layup
basketball	314	expert314_takes.tar	6	6.6	Intermediate Expert	female	uniandes	uniandes_basketball_001	cam01;cam02;cam03;cam04	Basketball Drills - Mid-Range Jump Shooting;Basketball Drills - Mikan Layup;Basketball Drills - Reverse Layup
basketball	315	expert315_takes.tar	6	6.6	Late Expert	female	uniandes	uniandes_basketball_002	cam01;cam02;cam03;cam04	Basketball Drills - Mid-Range Jump Shooting;Basketball Drills - Mikan Layup;Basketball Drills - Reverse Layup
basketball	316	expert316_takes.tar	6	5.6	Intermediate Expert	female	uniandes	uniandes_basketball_002	cam01;cam02;cam03;cam04	Basketball Drills - Mid-Range Jump Shooting;Basketball Drills - Mikan Layup;Basketball Drills - Reverse Layup
basketball	317	expert317_takes.tar	6	6.3	Intermediate Expert	female	uniandes	uniandes_basketball_001	cam01;cam02;cam03;cam04	Basketball Drills - Mid-Range Jump Shooting;Basketball Drills - Mikan Layup;Basketball Drills - Reverse Layup
basketball	318	expert318_takes.tar	6	6.8	Late Expert	female	uniandes	uniandes_basketball_001	cam01;cam02;cam03;cam04	Basketball Drills - Mid-Range Jump Shooting;Basketball Drills - Mikan Layup;Basketball Drills - Reverse Layup
basketball	319	expert319_takes.tar	6	4.8	Intermediate Expert	female	uniandes	uniandes_basketball_001	cam01;cam02;cam03;cam04	Basketball Drills - Mid-Range Jump Shooting;Basketball Drills - Mikan Layup;Basketball Drills - Reverse Layup
basketball	320	expert320_takes.tar	6	6.3	Intermediate Expert	female	uniandes	uniandes_basketball_002	cam01;cam02;cam03;cam04	Basketball Drills - Mid-Range Jump Shooting;Basketball Drills - Mikan Layup;Basketball Drills - Reverse Layup
basketball	323	expert323_takes.tar	6	6.4	Intermediate Expert	female	uniandes	uniandes_basketball_002	cam01;cam02;cam03;cam04	Basketball Drills - Mid-Range Jump Shooting;Basketball Drills - Mikan Layup;Basketball Drills - Reverse Layup
basketball	324	expert324_takes.tar	6	7.3	Late Expert	male	uniandes	uniandes_basketball_003	cam01;cam02;cam03;cam04	Basketball Drills - Mid-Range Jump Shooting;Basketball Drills - Mikan Layup;Basketball Drills - Reverse Layup
basketball	325	expert325_takes.tar	6	6.5	Intermediate Expert	male	uniandes	uniandes_basketball_003	cam01;cam02;cam03;cam04	Basketball Drills - Mid-Range Jump Shooting;Basketball Drills - Mikan Layup;Basketball Drills - Reverse Layup
basketball	326	expert326_takes.tar	6	5.9	Late Expert	male	uniandes	uniandes_basketball_003	cam01;cam02;cam03;cam04	Basketball Drills - Mid-Range Jump Shooting;Basketball Drills - Mikan Layup;Basketball Drills - Reverse Layup
basketball	327	expert327_takes.tar	6	6.1	Late Expert	male	uniandes	uniandes_basketball_003	cam01;cam02;cam03;cam04	Basketball Drills - Mid-Range Jump Shooting;Basketball Drills - Mikan Layup;Basketball Drills - Reverse Layup
basketball	329	expert329_takes.tar	6	5.2	Intermediate Expert	male	uniandes	uniandes_basketball_003	cam01;cam02;cam03;cam04	Basketball Drills - Mid-Range Jump Shooting;Basketball Drills - Mikan Layup;Basketball Drills - Reverse Layup
basketball	330	expert330_takes.tar	6	5.1	Early Expert	male	uniandes	uniandes_basketball_003	cam01;cam02;cam03;cam04	Basketball Drills - Mid-Range Jump Shooting;Basketball Drills - Mikan Layup;Basketball Drills - Reverse Layup
basketball	422	expert422_takes.tar	6	6.9	Intermediate Expert	unrecorded	sfu	sfu_basketball_06	cam01;cam02;cam03;cam04	Basketball Drills - Mid-Range Jump Shooting;Basketball Drills - Mikan Layup;Basketball Drills - Reverse Layup
basketball	328	expert328_takes.tar	5	5.0	Intermediate Expert	female	uniandes	uniandes_basketball_003	cam01;cam02;cam03;cam04	Basketball Drills - Mid-Range Jump Shooting;Basketball Drills - Mikan Layup;Basketball Drills - Reverse Layup
basketball	365	expert365_takes.tar	5	5.6	Early Expert	female	unc	unc_basketball_03-09-23_02	cam01;cam02;cam03;cam04	Basketball Drills - Mid-Range Jump Shooting;Basketball Drills - Mikan Layup;Basketball Drills - Reverse Layup
basketball	368	expert368_takes.tar	5	5.6	Early Expert	male	unc	unc_basketball_03-09-23_02	cam01;cam02;cam03;cam04	Basketball Drills - Mid-Range Jump Shooting;Basketball Drills - Mikan Layup;Basketball Drills - Reverse Layup
basketball	375	expert375_takes.tar	5	6.1	Early Expert	female	unc	unc_basketball_03-16-23_02	cam01;cam02;cam03;cam04	Basketball Drills - Mid-Range Jump Shooting;Basketball Drills - Mikan Layup;Basketball Drills - Reverse Layup
basketball	332	expert332_takes.tar	3	3.1	Late Expert	male	uniandes	uniandes_basketball_004	cam01;cam02;cam03;cam04	Basketball Drills - Mid-Range Jump Shooting;Basketball Drills - Mikan Layup;Basketball Drills - Reverse Layup
basketball	333	expert333_takes.tar	3	3.0	Late Expert	male	uniandes	uniandes_basketball_004	cam01;cam02;cam03;cam04	Basketball Drills - Mid-Range Jump Shooting;Basketball Drills - Mikan Layup;Basketball Drills - Reverse Layup
basketball	335	expert335_takes.tar	3	2.9	Intermediate Expert	female	uniandes	uniandes_basketball_004	cam01;cam02;cam03;cam04	Basketball Drills - Mid-Range Jump Shooting;Basketball Drills - Mikan Layup;Basketball Drills - Reverse Layup
basketball	337	expert337_takes.tar	3	3.2	Intermediate Expert	male	uniandes	uniandes_basketball_004	cam01;cam02;cam03;cam04	Basketball Drills - Mid-Range Jump Shooting;Basketball Drills - Mikan Layup;Basketball Drills - Reverse Layup
basketball	340	expert340_takes.tar	3	2.8	Intermediate Expert	male	uniandes	uniandes_basketball_004	cam01;cam02;cam03;cam04	Basketball Drills - Mid-Range Jump Shooting;Basketball Drills - Mikan Layup;Basketball Drills - Reverse Layup
basketball	342	expert342_takes.tar	3	2.9	Intermediate Expert	male	uniandes	uniandes_basketball_004	cam01;cam02;cam03;cam04	Basketball Drills - Mid-Range Jump Shooting;Basketball Drills - Mikan Layup;Basketball Drills - Reverse Layup
basketball	343	expert343_takes.tar	3	3.3	Early Expert	male	uniandes	uniandes_basketball_004	cam01;cam02;cam03;cam04	Basketball Drills - Mid-Range Jump Shooting;Basketball Drills - Mikan Layup;Basketball Drills - Reverse Layup
basketball	345	expert345_takes.tar	3	2.8	Intermediate Expert	male	uniandes	uniandes_basketball_004	cam01;cam02;cam03;cam04	Basketball Drills - Mid-Range Jump Shooting;Basketball Drills - Mikan Layup;Basketball Drills - Reverse Layup
basketball	346	expert346_takes.tar	3	2.8	Intermediate Expert	male	uniandes	uniandes_basketball_004	cam01;cam02;cam03;cam04	Basketball Drills - Mid-Range Jump Shooting;Basketball Drills - Mikan Layup;Basketball Drills - Reverse Layup
basketball	347	expert347_takes.tar	3	3.2	Intermediate Expert	male	uniandes	uniandes_basketball_005	cam01;cam02;cam03;cam04	Basketball Drills - Mid-Range Jump Shooting;Basketball Drills - Mikan Layup;Basketball Drills - Reverse Layup
basketball	348	expert348_takes.tar	3	3.5	Intermediate Expert	female	uniandes	uniandes_basketball_005	cam01;cam02;cam03;cam04	Basketball Drills - Mid-Range Jump Shooting;Basketball Drills - Mikan Layup;Basketball Drills - Reverse Layup
basketball	349	expert349_takes.tar	3	3.1	Intermediate Expert	male	uniandes	uniandes_basketball_005	cam01;cam02;cam03;cam04	Basketball Drills - Mid-Range Jump Shooting;Basketball Drills - Mikan Layup;Basketball Drills - Reverse Layup
basketball	351	expert351_takes.tar	3	3.3	Intermediate Expert	male	uniandes	uniandes_basketball_005	cam01;cam02;cam03;cam04	Basketball Drills - Mid-Range Jump Shooting;Basketball Drills - Mikan Layup;Basketball Drills - Reverse Layup
basketball	374	expert374_takes.tar	3	4.0	Early Expert	male	unc	unc_basketball_03-16-23_02	cam01;cam02;cam03;cam04	Basketball Drills - Mikan Layup;Basketball Drills - Reverse Layup
cooking	50	expert50_takes.tar	10	48.1	Early Expert/Intermediate Expert	female	iiith	iiith_cooking_03;iiith_cooking_04;iiith_cooking_05;iiith_cooking_141;iiith_cooking_142;iiith_cooking_143;iiith_cooking_56;iiith_cooking_57	cam01;cam02;cam03;cam04	Cooking Tomato & Eggs;Cooking an Omelet;Making Milk Tea
cooking	58	expert58_takes.tar	6	19.5	Intermediate Expert	female	iiith	iiith_cooking_40;iiith_cooking_41;iiith_cooking_42;iiith_cooking_43;iiith_cooking_44;iiith_cooking_45	cam01;cam02;cam03;cam04	Cooking an Omelet;Making Milk Tea
cooking	61	expert61_takes.tar	6	27.1	Intermediate Expert/Novice	male	iiith	iiith_cooking_137;iiith_cooking_138;iiith_cooking_55;iiith_cooking_58;iiith_cooking_59;iiith_cooking_60	cam01;cam02;cam03;cam04	Cooking Tomato & Eggs;Cooking an Omelet;Making Milk Tea
cooking	49	expert49_takes.tar	5	42.2	Early Expert/Novice	male	iiith	iiith_cooking_01;iiith_cooking_02;iiith_cooking_134;iiith_cooking_135;iiith_cooking_136	cam01;cam02;cam03;cam04	Cooking Tomato & Eggs;Cooking an Omelet;Making Milk Tea
cooking	52	expert52_takes.tar	4	16.6	Early Expert	female	iiith	iiith_cooking_09;iiith_cooking_10;iiith_cooking_11;iiith_cooking_12	cam01;cam02;cam03;cam04	Cooking an Omelet;Making Milk Tea
cooking	53	expert53_takes.tar	4	23.5	Intermediate Expert/Novice	female	iiith	iiith_cooking_13;iiith_cooking_15;iiith_cooking_16;iiith_cooking_18	cam01;cam02;cam03;cam04	Cooking an Omelet;Making Milk Tea
cooking	55	expert55_takes.tar	4	18.7	Early Expert/Intermediate Expert	female	iiith	iiith_cooking_25;iiith_cooking_26;iiith_cooking_27;iiith_cooking_28	cam01;cam02;cam03;cam04	Cooking an Omelet;Making Milk Tea
cooking	56	expert56_takes.tar	4	18.4	Intermediate Expert/Novice	male	iiith	iiith_cooking_29;iiith_cooking_30;iiith_cooking_31;iiith_cooking_32	cam01;cam02;cam03;cam04	Cooking an Omelet;Making Milk Tea
cooking	54	expert54_takes.tar	3	12.4	Early Expert/Novice	male	iiith	iiith_cooking_19;iiith_cooking_22;iiith_cooking_24	cam01;cam02;cam03;cam04	Cooking an Omelet;Making Milk Tea
cooking	115	expert115_takes.tar	3	16.5	Early Expert	unrecorded	sfu	sfu_cooking_009	cam01;cam02;cam04;cam05	Cooking an Omelet;Making Chai Tea
cooking	530	expert530_takes.tar	3	13.3	Early Expert	Female	iiith	iiith_cooking_89;iiith_cooking_90	cam01;cam02;cam03;cam04	Cooking an Omelet;Making Milk Tea
cooking	109	expert109_takes.tar	2	12.7	Early Expert	unrecorded	sfu	sfu_cooking_003	cam01;cam02;cam04;cam05	Cooking Scrambled Eggs;Making Milk Tea
cooking	190	expert190_takes.tar	2	6.5	Early Expert	female	iiith	iiith_cooking_64;iiith_cooking_65	cam01;cam02;cam03;cam04	Cooking an Omelet;Making Milk Tea
cooking	523	expert523_takes.tar	2	5.4	Early Expert	Female	iiith	iiith_cooking_77;iiith_cooking_79	cam01;cam02;cam03;cam04	Cooking an Omelet
cooking	112	expert112_takes.tar	1	14.7	Intermediate Expert	unrecorded	sfu	sfu_cooking_006	cam01;cam02;cam04;cam05	Making Chai Tea
cooking	114	expert114_takes.tar	1	9.8	Intermediate Expert	unrecorded	sfu	sfu_cooking_008	cam01;cam02;cam04;cam05	Cooking Tomato & Eggs
cpr	92	expert92_takes.tar	3	4.6	unlabelled	male	nus	nus_cpr_07;nus_cpr_46	cam01;cam02;cam03;cam04	First Aid - CPR
cpr	93	expert93_takes.tar	3	4.0	unlabelled	male	nus	nus_cpr_08;nus_cpr_47	cam01;cam02;cam03;cam04	First Aid - CPR
cpr	95	expert95_takes.tar	3	3.6	unlabelled	female	nus	nus_cpr_11;nus_cpr_50	cam01;cam02;cam03;cam04	First Aid - CPR
cpr	96	expert96_takes.tar	3	4.3	unlabelled	male	nus	nus_cpr_12;nus_cpr_51	cam01;cam02;cam03;cam04	First Aid - CPR
cpr	98	expert98_takes.tar	3	4.8	unlabelled	female	nus	nus_cpr_14;nus_cpr_52	cam01;cam02;cam03;cam04	First Aid - CPR
cpr	105	expert105_takes.tar	3	4.0	unlabelled	female	nus	nus_cpr_24;nus_cpr_54	cam01;cam02;cam03;cam04	First Aid - CPR
cpr	125	expert125_takes.tar	3	5.0	unlabelled	male	nus	nus_cpr_09;nus_cpr_48	cam01;cam02;cam03;cam04	First Aid - CPR
cpr	802	expert802_takes.tar	3	3.2	unlabelled	male	nus	nus_cpr_32	cam01;cam02;cam03;cam04;cam05	First Aid - CPR
cpr	813	expert813_takes.tar	3	3.5	unlabelled	female	nus	nus_cpr_44	cam01;cam02;cam03;cam04;cam05	First Aid - CPR
cpr	827	expert827_takes.tar	3	2.7	unlabelled	female	nus	nus_cpr_43	cam01;cam02;cam03;cam04;cam05	First Aid - CPR
cpr	91	expert91_takes.tar	2	2.3	unlabelled	male	nus	nus_cpr_03	cam01;cam02;cam03;cam04	First Aid - CPR
cpr	97	expert97_takes.tar	2	2.3	unlabelled	male	nus	nus_cpr_13	cam01;cam02;cam03;cam04	First Aid - CPR
cpr	99	expert99_takes.tar	2	3.0	unlabelled	male	nus	nus_cpr_15	cam01;cam02;cam03;cam04	First Aid - CPR
cpr	101	expert101_takes.tar	2	3.0	unlabelled	female	nus	nus_cpr_19	cam01;cam02;cam03;cam04	First Aid - CPR
cpr	102	expert102_takes.tar	2	2.5	unlabelled	female	nus	nus_cpr_21	cam01;cam02;cam03;cam04	First Aid - CPR
cpr	103	expert103_takes.tar	2	2.3	unlabelled	female	nus	nus_cpr_22	cam01;cam02;cam03;cam04	First Aid - CPR
cpr	104	expert104_takes.tar	2	3.2	unlabelled	female	nus	nus_cpr_23	cam01;cam02;cam03;cam04	First Aid - CPR
cpr	106	expert106_takes.tar	2	4.0	unlabelled	male	nus	nus_cpr_25	cam01;cam02;cam03;cam04	First Aid - CPR
cpr	120	expert120_takes.tar	2	3.1	unlabelled	male	nus	nus_cpr_01	cam01;cam02;cam03;cam04	First Aid - CPR
cpr	124	expert124_takes.tar	2	1.8	unlabelled	female	nus	nus_cpr_06	cam01;cam02;cam03;cam04	First Aid - CPR
cpr	126	expert126_takes.tar	2	2.0	unlabelled	female	nus	nus_cpr_16	cam01;cam02;cam03;cam04	First Aid - CPR
cpr	128	expert128_takes.tar	2	2.4	unlabelled	female	nus	nus_cpr_20	cam01;cam02;cam03;cam04	First Aid - CPR
cpr	793	expert793_takes.tar	2	2.6	unlabelled	male	nus	nus_cpr_34	cam01;cam03;cam04;cam05	First Aid - CPR
cpr	800	expert800_takes.tar	2	2.4	unlabelled	male	nus	nus_cpr_41	cam01;cam02;cam03;cam04;cam05	First Aid - CPR
cpr	803	expert803_takes.tar	2	2.9	unlabelled	male	nus	nus_cpr_42	cam01;cam02;cam03;cam04;cam05	First Aid - CPR
cpr	809	expert809_takes.tar	2	2.6	unlabelled	male	nus	nus_cpr_30	cam01;cam02;cam03;cam04	First Aid - CPR
cpr	812	expert812_takes.tar	2	2.1	unlabelled	male	nus	nus_cpr_38	cam01;cam03;cam04;cam05	First Aid - CPR
cpr	814	expert814_takes.tar	2	1.6	unlabelled	male	nus	nus_cpr_40	cam01;cam02;cam03;cam04;cam05	First Aid - CPR
cpr	817	expert817_takes.tar	2	1.9	unlabelled	male	nus	nus_cpr_39	cam01;cam02;cam03;cam04;cam05	First Aid - CPR
cpr	818	expert818_takes.tar	2	2.2	unlabelled	female	nus	nus_cpr_33	cam01;cam02;cam03;cam04;cam05	First Aid - CPR
cpr	826	expert826_takes.tar	2	2.4	unlabelled	female	nus	nus_cpr_31	cam01;cam02;cam03;cam04;cam05	First Aid - CPR
cpr	94	expert94_takes.tar	1	1.4	unlabelled	male	nus	nus_cpr_49	cam01;cam02;cam03;cam04	First Aid - CPR
cpr	121	expert121_takes.tar	1	1.2	unlabelled	male	nus	nus_cpr_02	cam01;cam02;cam03;cam04	First Aid - CPR
cpr	633	expert633_takes.tar	1	1.1	unlabelled	male	utokyo	utokyo_cpr_2005_22	cam01;cam02;cam03;cam04	First Aid - CPR
cpr	634	expert634_takes.tar	1	1.5	unlabelled	male	utokyo	utokyo_cpr_2005_23	cam01;cam02;cam03;cam04	First Aid - CPR
cpr	635	expert635_takes.tar	1	1.5	unlabelled	female	utokyo	utokyo_cpr_2005_24	cam01;cam02;cam03;cam04	First Aid - CPR
cpr	636	expert636_takes.tar	1	2.0	unlabelled	female	utokyo	utokyo_cpr_2005_25	cam01;cam02;cam03;cam04	First Aid - CPR
cpr	637	expert637_takes.tar	1	1.3	unlabelled	male	utokyo	utokyo_cpr_2005_26	cam01;cam02;cam03;cam04	First Aid - CPR
cpr	638	expert638_takes.tar	1	1.5	unlabelled	male	utokyo	utokyo_cpr_2005_27	cam01;cam02;cam03;cam04	First Aid - CPR
cpr	639	expert639_takes.tar	1	2.1	unlabelled	female	utokyo	utokyo_cpr_2005_28	cam01;cam02;cam03;cam04	First Aid - CPR
cpr	640	expert640_takes.tar	1	1.5	unlabelled	male	utokyo	utokyo_cpr_2005_29	cam01;cam02;cam03;cam04	First Aid - CPR
cpr	641	expert641_takes.tar	1	1.3	unlabelled	female	utokyo	utokyo_cpr_2005_30	cam01;cam02;cam03;cam04	First Aid - CPR
cpr	642	expert642_takes.tar	1	1.7	unlabelled	male	utokyo	utokyo_cpr_2005_31	cam01;cam02;cam03;cam04	First Aid - CPR
cpr	643	expert643_takes.tar	1	3.1	unlabelled	female	utokyo	utokyo_cpr_2005_32	cam01;cam02;cam03;cam04	First Aid - CPR
cpr	644	expert644_takes.tar	1	1.3	unlabelled	female	utokyo	utokyo_cpr_2005_33	cam01;cam02;cam03;cam04	First Aid - CPR
cpr	645	expert645_takes.tar	1	1.5	unlabelled	female	utokyo	utokyo_cpr_2005_34	cam01;cam02;cam03;cam04	First Aid - CPR
cpr	646	expert646_takes.tar	1	1.4	unlabelled	male	utokyo	utokyo_cpr_2005_35	cam01;cam02;cam03;cam04	First Aid - CPR
cpr	647	expert647_takes.tar	1	1.6	unlabelled	male	utokyo	utokyo_cpr_2005_36	cam01;cam02;cam03;cam04	First Aid - CPR
cpr	648	expert648_takes.tar	1	1.4	unlabelled	female	utokyo	utokyo_cpr_2005_37	cam01;cam02;cam03;cam04	First Aid - CPR
cpr	649	expert649_takes.tar	1	1.3	unlabelled	male	utokyo	utokyo_cpr_2005_38	cam01;cam02;cam03;cam04	First Aid - CPR
cpr	806	expert806_takes.tar	1	1.6	unlabelled	female	nus	nus_cpr_26	cam01;cam03;cam04	First Aid - CPR
cpr	807	expert807_takes.tar	1	0.8	unlabelled	male	nus	nus_cpr_27	cam01;cam02;cam03;cam04	First Aid - CPR
cpr	808	expert808_takes.tar	1	1.7	unlabelled	female	nus	nus_cpr_29	cam01;cam02;cam03;cam04	First Aid - CPR
soccer	865	expert865_takes.tar	6	9.9	Intermediate Expert	Male	iiith	iiith_soccer_048;iiith_soccer_061	cam01;cam02;cam03;cam04;cam05	Soccer Drills - Dribbling;Soccer Drills - Juggling;Soccer Drills - Penalty Kick
soccer	866	expert866_takes.tar	6	11.0	Intermediate Expert	Male	iiith	iiith_soccer_049;iiith_soccer_060	cam01;cam02;cam03;cam04;cam05	Soccer Drills - Juggling;Soccer Drills - Penalty Kick
soccer	837	expert837_takes.tar	5	10.1	Late Expert	Male	iiith	iiith_soccer_027;iiith_soccer_051	cam01;cam02;cam03;cam04;cam05	Soccer Drills - Dribbling;Soccer Drills - Juggling;Soccer Drills - Penalty Kick
soccer	851	expert851_takes.tar	4	8.0	Late Expert	Male	iiith	iiith_soccer_041;iiith_soccer_042	cam01;cam02;cam03;cam04;cam05	Soccer Drills - Dribbling;Soccer Drills - Juggling;Soccer Drills - Penalty Kick
soccer	196	expert196_takes.tar	3	8.0	Late Expert	male	iiith	iiith_soccer_002	cam01;cam03;cam04;cam05	Soccer Drills - Dribbling;Soccer Drills - Juggling;Soccer Drills - Penalty Kick
soccer	525	expert525_takes.tar	3	7.9	Intermediate Expert	Male	iiith	iiith_soccer_004	cam01;cam02;cam03;cam04;cam05	Soccer Drills - Dribbling;Soccer Drills - Juggling;Soccer Drills - Penalty Kick
soccer	527	expert527_takes.tar	3	11.1	Late Expert	Male	iiith	iiith_soccer_006	cam01;cam02;cam03;cam04;cam05	Soccer Drills - Dribbling;Soccer Drills - Juggling;Soccer Drills - Penalty Kick
soccer	549	expert549_takes.tar	3	8.5	Late Expert	Male	iiith	iiith_soccer_020	cam01;cam02;cam03;cam04;cam05	Soccer Drills - Dribbling;Soccer Drills - Juggling
soccer	550	expert550_takes.tar	3	9.5	Intermediate Expert	Male	iiith	iiith_soccer_021	cam01;cam02;cam03;cam05	Soccer Drills - Dribbling;Soccer Drills - Juggling;Soccer Drills - Penalty Kick
soccer	722	expert722_takes.tar	3	6.8	Late Expert	male	utokyo	utokyo_soccer_8000_43	cam01;cam02;cam03;cam04;cam05	Soccer Drills - Dribbling;Soccer Drills - Juggling;Soccer Drills - Penalty Kick
soccer	725	expert725_takes.tar	3	6.3	Late Expert	male	utokyo	utokyo_soccer_8000_46_47	cam01;cam02;cam03;cam04;cam05	Soccer Drills - Dribbling;Soccer Drills - Juggling;Soccer Drills - Penalty Kick
soccer	726	expert726_takes.tar	3	6.0	Intermediate Expert	male	utokyo	utokyo_soccer_8000_46_47	cam01;cam02;cam03;cam04;cam05	Soccer Drills - Dribbling;Soccer Drills - Juggling;Soccer Drills - Penalty Kick
soccer	838	expert838_takes.tar	3	6.7	Late Expert	Male	iiith	iiith_soccer_028	cam01;cam02;cam03;cam04;cam05	Soccer Drills - Dribbling;Soccer Drills - Juggling;Soccer Drills - Penalty Kick
soccer	839	expert839_takes.tar	3	6.4	Late Expert	Male	iiith	iiith_soccer_029	cam01;cam02;cam03;cam04;cam05	Soccer Drills - Dribbling;Soccer Drills - Juggling;Soccer Drills - Penalty Kick
soccer	840	expert840_takes.tar	3	8.7	Late Expert	Male	iiith	iiith_soccer_030	cam01;cam02;cam03;cam04;cam05	Soccer Drills - Dribbling;Soccer Drills - Juggling;Soccer Drills - Penalty Kick
soccer	841	expert841_takes.tar	3	8.5	Late Expert	Male	iiith	iiith_soccer_031	cam01;cam02;cam03;cam04	Soccer Drills - Dribbling;Soccer Drills - Juggling;Soccer Drills - Penalty Kick
soccer	842	expert842_takes.tar	3	4.6	Late Expert	Male	iiith	iiith_soccer_032	cam01;cam02;cam03;cam04;cam05	Soccer Drills - Dribbling;Soccer Drills - Juggling;Soccer Drills - Penalty Kick
soccer	843	expert843_takes.tar	3	5.4	Late Expert	Male	iiith	iiith_soccer_033	cam01;cam02;cam03;cam04;cam05	Soccer Drills - Dribbling;Soccer Drills - Juggling;Soccer Drills - Penalty Kick
soccer	845	expert845_takes.tar	3	5.5	Late Expert	Male	iiith	iiith_soccer_035	cam01;cam02;cam03;cam04;cam05	Soccer Drills - Dribbling;Soccer Drills - Juggling;Soccer Drills - Penalty Kick
soccer	846	expert846_takes.tar	3	4.5	Late Expert	Male	iiith	iiith_soccer_036	cam01;cam02;cam03;cam04;cam05	Soccer Drills - Dribbling;Soccer Drills - Juggling;Soccer Drills - Penalty Kick
soccer	849	expert849_takes.tar	3	6.4	Late Expert	Male	iiith	iiith_soccer_039	cam01;cam02;cam03;cam04;cam05	Soccer Drills - Dribbling;Soccer Drills - Juggling;Soccer Drills - Penalty Kick
soccer	850	expert850_takes.tar	3	6.5	Intermediate Expert	Male	iiith	iiith_soccer_040	cam01;cam02;cam03;cam04;cam05	Soccer Drills - Dribbling;Soccer Drills - Juggling;Soccer Drills - Penalty Kick
soccer	861	expert861_takes.tar	3	6.0	Intermediate Expert	Male	iiith	iiith_soccer_044	cam01;cam02;cam03;cam04;cam05	Soccer Drills - Dribbling;Soccer Drills - Juggling;Soccer Drills - Penalty Kick
soccer	868	expert868_takes.tar	3	8.6	Intermediate Expert	Male	iiith	iiith_soccer_053	cam01;cam02;cam03;cam04;cam05	Soccer Drills - Dribbling;Soccer Drills - Juggling;Soccer Drills - Penalty Kick
soccer	545	expert545_takes.tar	2	6.8	Late Expert	Male	iiith	iiith_soccer_016	cam01;cam02;cam03;cam05	Soccer Drills - Dribbling;Soccer Drills - Penalty Kick
soccer	833	expert833_takes.tar	2	6.0	Intermediate Expert	Male	iiith	iiith_soccer_057	cam01;cam02;cam03;cam04;cam05	Soccer Drills - Dribbling;Soccer Drills - Penalty Kick
soccer	852	expert852_takes.tar	2	4.0	Late Expert	Male	iiith	iiith_soccer_042	cam01;cam02;cam03;cam04;cam05	Soccer Drills - Dribbling;Soccer Drills - Penalty Kick
soccer	542	expert542_takes.tar	1	2.2	Late Expert	Male	iiith	iiith_soccer_013	cam01;cam02;cam03;cam04;cam05	Soccer Drills - Penalty Kick
soccer	544	expert544_takes.tar	1	3.7	Late Expert	Male	iiith	iiith_soccer_015	cam01;cam02;cam03;cam05	Soccer Drills - Dribbling
soccer	548	expert548_takes.tar	1	2.3	Late Expert	Male	iiith	iiith_soccer_019	cam01;cam02;cam03;cam04;cam05	Soccer Drills - Penalty Kick
soccer	552	expert552_takes.tar	1	2.7	Late Expert	Male	iiith	iiith_soccer_023	cam01;cam02;cam03;cam04;cam05	Soccer Drills - Dribbling
